Model,Fold,Accuracy,Precision,Recall,F1,ROC_AUC
SVM,1,0.480225988700565,0.6097560975609756,0.45454545454545453,0.5208333333333334,0.4882632293080054
SVM,2,0.559322033898305,0.6509433962264151,0.6272727272727273,0.6388888888888888,0.5495251017639077
SVM,3,0.5340909090909091,0.6451612903225806,0.5504587155963303,0.594059405940594,0.5325208818293853
SVM,4,0.4772727272727273,0.5918367346938775,0.5272727272727272,0.5576923076923077,0.4665289256198347
SVM,5,0.4632768361581921,0.5789473684210527,0.5,0.5365853658536586,0.48127544097693353
Random Forest,1,0.4519774011299435,0.5747126436781609,0.45454545454545453,0.5076142131979695,0.5056987788331072
Random Forest,2,0.5310734463276836,0.6708860759493671,0.4818181818181818,0.5608465608465608,0.5655359565807327
Random Forest,3,0.5284090909090909,0.6444444444444445,0.5321100917431193,0.5829145728643216,0.4841845816787621
Random Forest,4,0.5056818181818182,0.6161616161616161,0.5545454545454546,0.583732057416268,0.49242424242424243
Random Forest,5,0.5028248587570622,0.6145833333333334,0.5363636363636364,0.5728155339805825,0.5113975576662144
